Workbook

Sheet SODAS
B2: SODAS PRODUCCION SEMANAL | D2: 29/04/2024
C3: Cantidad
A4: LUNES | C4: =J6 -> 86.577827 | D4: UNIDADES | J4: TOTAL | L4: COCA | M4: COCA ZERO | N4: FRESA | O4: MANZANA | P4: UVA | Q4: FRESCA | R4: GINGER
I5: dom | J5: 123.99232
A6: MARTES | C6: =J7 -> 87.137296 | D6: UNIDADES | I6: lun. | J6: 86.577827
I7: mar. | J7: 87.137296
A8: MIERCOLES | C8: =J8 -> 93.268143 | D8: UNIDADES | I8: mié. | J8: 93.268143
I9: jue. | J9: 96.391845
A10: JUEVES | C10: =J9 -> 96.391845 | D10: UNIDADES | I10: vie. | J10: 110.30864
I11: sáb. | J11: 158.00337
A12: VIERNES | C12: =J10 -> 110.30864 | D12: UNIDADES | I12: TOTAL | J12: =SUM(J5:J11) -> 755.67943
A14: SABADO | C14: =J11 -> 158.00337 | D14: UNIDADES | I14: COCA LITRO
A16: DOMINGO | C16: =J5 -> 123.99232 | D16: UNIDADES
A18: TOTAL | B18: =SUM(C4:C16) -> 755.67943 | C18: =B18/12 -> 62.973286
A19: TOTAL MENSUAL | B19: =B18*4 -> 3022.7177
A20: TOTAL CAJAS | B20: =B19/12 -> 251.89314 | C20: =B20/4 -> 62.973286
A21: TOTAL COSTO | B21: =B20*7.25 -> 1826.2253

Sheet ARROZ
G1: fecha
B2: ARROZ PRODUCCION SEMANAL | D2: menestra | G2: 29-04-24
C3: Cantidad | D3: lentejas | E3: porotos | M3: medida | N3: insertidumbre | P3: paq
A4: LUNES | C4: =P5 -> 9.7207737 | D4: 8 | E4: 9 | F4: =SUM(E4:E16) -> 62 | G4: =F4-17 -> 45 | L4: dom | M4: 20168.857 | N4: =M4*10%+M4 -> 22185.743 | O4: =M4/1000 -> 20.168857 | P4: =O4/2 -> 10.084429
F5: =SUM(D4:D16) -> 58 | G5: =F5-25 -> 33 | L5: lun. | M5: 19441.547 | N5: =M5*10%+M5 -> 21385.702 | O5: =M5/1000 -> 19.441547 | P5: =O5/2 -> 9.7207737
A6: MARTES | C6: =P6 -> 9.5785754 | D6: 8 | E6: 9 | L6: mar. | M6: 19157.151 | N6: =M6*10%+M6 -> 21072.866 | O6: =M6/1000 -> 19.157151 | P6: =O6/2 -> 9.5785754
L7: mié. | M7: 18019.564 | N7: =M7*10%+M7 -> 19821.52 | O7: =M7/1000 -> 18.019564 | P7: =O7/2 -> 9.0097819
A8: MIERCOLES | C8: =P7 -> 9.0097819 | D8: 7 | E8: 7 | L8: jue. | M8: 20028.99 | N8: =M8*10%+M8 -> 22031.889 | O8: =M8/1000 -> 20.02899 | P8: =O8/2 -> 10.014495
L9: vie. | M9: 23082.758 | N9: =M9*10%+M9 -> 25391.034 | O9: =M9/1000 -> 23.082758 | P9: =O9/2 -> 11.541379
A10: JUEVES | C10: =P8 -> 10.014495 | D10: 7 | E10: 8 | L10: sáb. | M10: 25591.044 | N10: =M10*10%+M10 -> 28150.149 | O10: =M10/1000 -> 25.591044 | P10: =O10/2 -> 12.795522
H11: len
A12: VIERNES | C12: =P9 -> 11.541379 | D12: 10 | E12: 10 | H12: 9 | I12: CANT BULTOS | K12: lentejas | M12: medida | N12: insertidumbre | O12: paq
H13: 24.75 | I13: PRECIO X BULTO | L13: dom | M13: 4679.0257 | N13: =M13*10%+M13 -> 5146.9282 | O13: =N13*0.00220462 -> 11.347021 | P13: =SUM(O13:O19) -> 81.627095
A14: SABADO | C14: =P10 -> 12.795522 | D14: 10 | E14: 10 | L14: lun. | M14: 5204.9265 | N14: =M14*10%+M14 -> 5725.4192 | O14: =N14*0.00220462 -> 12.622374
H15: poro | L15: mar. | M15: 3765.2263 | N15: =M15*10%+M15 -> 4141.7489 | O15: =N15*0.00220462 -> 9.1309826
A16: DOMINGO | C16: =P4 -> 10.084429 | D16: 8 | E16: 9 | H16: 10 | I16: CANT BULTOS | L16: mié. | M16: 4177.3685 | N16: =M16*10%+M16 -> 4595.1053 | O16: =N16*0.00220462 -> 10.130461
H17: 28.75 | I17: PRECIO X BULTO | L17: jue. | M17: 4776.0003 | N17: =M17*10%+M17 -> 5253.6003 | O17: =N17*0.00220462 -> 11.582192
A18: TOTAL BOLSAS | B18: =SUM(C4:C16) -> 72.744956 | D18: =P13 -> 81.627095 | E18: =P22 -> 48.803722 | L18: vie. | M18: 5106.087 | N18: =M18*10%+M18 -> 5616.6957 | O18: =N18*0.00220462 -> 12.38268
A19: TOTAL MENSUAL | B19: =B18*4 -> 290.97982 | D19: =D18*4 -> 326.50838 | E19: =E18*4 -> 195.21489 | H19: arroz | L19: sáb. | M19: 5950.8852 | N19: =M19*10%+M19 -> 6545.9737 | O19: =N19*0.00220462 -> 14.431385
A20: TOTAL BULTOS | B20: =B19/10 -> 29.097982 | D20: =D19/24 -> 13.604516 | E20: =E19/24 -> 8.1339537 | H20: 25 | I20: CANT BULTOS
A21: COSTO TOTAL | B21: =B20*H21 -> 922.40604 | D21: =H13*H12 -> 222.75 | E21: =H17*H16 -> 287.5 | H21: 31.7 | I21: PRECIO X BULTO | K21: porotos | M21: medida | N21: insertidumbre | O21: paq
L22: dom | M22: 2594.5375 | N22: =M22*10%+M22 -> 2853.9912 | O22: =N22*0.00220462 -> 6.2919661 | P22: =SUM(O22:O28) -> 48.803722
L23: lun. | M23: 1822.9365 | N23: =M23*10%+M23 -> 2005.2301 | O23: =N23*0.00220462 -> 4.4207704
B24: =B21/4 -> 230.60151 | D24: =D21/4 -> 55.6875 | E24: =E21/4 -> 71.875 | L24: mar. | M24: 3596.9194 | N24: =M24*10%+M24 -> 3956.6113 | O24: =N24*0.00220462 -> 8.7228245
L25: mié. | M25: 2158.6179 | N25: =M25*10%+M25 -> 2374.4796 | O25: =N25*0.00220462 -> 5.2348253
L26: jue. | M26: 2764.7093 | N26: =M26*10%+M26 -> 3041.1802 | O26: =N26*0.00220462 -> 6.7046467
L27: vie. | M27: 3545.6347 | N27: =M27*10%+M27 -> 3900.1982 | O27: =N27*0.00220462 -> 8.598455
L28: sáb. | M28: 3641.2107 | N28: =M28*10%+M28 -> 4005.3318 | O28: =N28*0.00220462 -> 8.8302345

Sheet CHIMICHURRI
B2: CHIMICHURRI PRODUCCION SEMANAL
C3: Cantidad | D3: 27/03/2024
A4: LUNES | C4: ='CHIMICHURRI calculo'!P6 -> 3.6213164 | D4: masos
A6: MARTES | C6: ='CHIMICHURRI calculo'!P7 -> 3.5733745 | D6: masos
A8: MIERCOLES | C8: ='CHIMICHURRI calculo'!P8 -> 3.5993247 | D8: masos
A10: JUEVES | C10: ='CHIMICHURRI calculo'!P9 -> 3.7510672 | D10: masos
A12: VIERNES | C12: ='CHIMICHURRI calculo'!P10 -> 4.0809423 | D12: masos
A14: SABADO | C14: ='CHIMICHURRI calculo'!P11 -> 5.0441774 | D14: masos
A16: DOMINGO | C16: ='CHIMICHURRI calculo'!P5 -> 4.314054 | D16: masos
A18: TOTAL MASOS | B18: =SUM(C4:C16) -> 27.984256
A19: TOTAL MENSUAL | B19: =B18*4 -> 111.93703 | D19: COSTO X MASO | E19: 3
A20: COSTO TOTAL | B20: =B19*E19 -> 335.81108

Sheet CHIMICHURRI calculo
B4: combo1 | C4: combo2 | D4: combo3 | E4: combo4 | F4: combo5 | G4: combo6 | H4: combo7 | I4: combo8 | J4: combo9 | K4: PROM 1/2 | L4: PROM ENTERO | M4: total | N4: conver OZ | O4: conver L | P4: conver MASOS
A5: dom | B5: 45.083876 | C5: 2.6108553 | D5: 15.758377 | E5: 6.6436943 | F5: 6.4338934 | G5: 3.3101915 | H5: 9.6275289 | I5: 2.5176105 | J5: 42.030108 | K5: 7.4828978 | L5: 7.6460762 | M5: =SUM(B5:L5) -> 149.14511 | N5: =M5*0.55 -> 82.02981 | O5: =N5*0.0295735 -> 2.4259086 | P5: =O5*1.16+1.5 -> 4.314054
A6: lun. | B6: 37.740846 | C6: 2.0047639 | D6: 13.567123 | E6: 4.9419761 | F6: 3.3801252 | G6: 1.5618509 | H6: 4.1727062 | I6: 1.7483406 | J6: 34.990123 | K6: 5.5247563 | L6: 2.797345 | M6: =SUM(B6:L6) -> 112.42996 | N6: =M6*0.55 -> 61.836476 | O6: =N6*0.0295735 -> 1.828721 | P6: =O6*1.16+1.5 -> 3.6213164
A7: mar. | B7: 36.878331 | C7: 1.8648966 | D7: 14.66275 | E7: 4.3825071 | F7: 2.9372122 | G7: 1.6317846 | H7: 2.8672786 | I7: 2.2611872 | J7: 35.176613 | K7: 5.0818433 | L7: 2.1446311 | M7: =SUM(B7:L7) -> 109.88903 | N7: =M7*0.55 -> 60.438969 | O7: =N7*0.0295735 -> 1.7873918 | P7: =O7*1.16+1.5 -> 3.5733745
A8: mié. | B8: 35.339791 | C8: 2.2611872 | D8: 14.056658 | E8: 4.4291295 | F8: 4.6855528 | G8: 1.9348303 | H8: 2.9372122 | I8: 2.0280751 | J8: 36.178995 | K8: 5.3149554 | L8: 2.0980087 | M8: =SUM(B8:L8) -> 111.2644 | N8: =M8*0.55 -> 61.195418 | O8: =N8*0.0295735 -> 1.8097627 | P8: =O8*1.16+1.5 -> 3.5993247
A9: jue. | B9: 39.162829 | C9: 1.6084734 | D9: 13.12421 | E9: 5.3615778 | F9: 4.3125735 | G9: 1.7483406 | H9: 3.8696605 | I9: 1.5385397 | J9: 39.022962 | K9: 6.9234288 | L9: 2.6341665 | M9: =SUM(B9:L9) -> 119.30676 | N9: =M9*0.55 -> 65.618719 | O9: =N9*0.0295735 -> 1.9405752 | P9: =O9*1.16+1.5 -> 3.7510672
A10: vie. | B10: 45.200432 | C10: 2.7507225 | D10: 15.525265 | E10: 5.6646235 | F10: 5.1284658 | G10: 2.237876 | H10: 3.8696605 | I10: 2.4243656 | J10: 43.358847 | K10: 7.4595866 | L10: 3.1703243 | M10: =SUM(B10:L10) -> 136.79017 | N10: =M10*0.55 -> 75.234593 | O10: =N10*0.0295735 -> 2.2249502 | P10: =O10*1.16+1.5 -> 4.0809423
A11: sáb. | B11: 66.670055 | C11: 3.3801252 | D11: 21.656112 | E11: 6.7136279 | F11: 7.8558771 | G11: 3.1703243 | H11: 11.212691 | I11: 2.2145648 | J11: 44.267984 | K11: 11.77216 | L11: 8.9281927 | M11: =SUM(B11:L11) -> 187.84171 | N11: =M11*0.55 -> 103.31294 | O11: =N11*0.0295735 -> 3.0553253 | P11: =O11*1.16+1.5 -> 5.0441774

Sheet PATACONES
D1: 29/04/2024
B2: PATACONES PRODUCCION SEMANAL
B3: ORDENES | D3: PATACONES
A4: LUNES | B4: =K5 -> 30.051644 | C4: CANT | D4: =B4*9 -> 270.46479 | I4: 30.654239 | J4: =I4*15% -> 4.5981358 | K4: =I4+J4 -> 35.252374
I5: 26.131864 | J5: =I5*15% -> 3.9197796 | K5: =I5+J5 -> 30.051644
A6: MARTES | B6: =K6 -> 25.789189 | C6: CANT | D6: =B6*9 -> 232.1027 | I6: 22.425382 | J6: =I6*15% -> 3.3638073 | K6: =I6+J6 -> 25.789189
I7: 22.728428 | J7: =I7*15% -> 3.4092642 | K7: =I7+J7 -> 26.137692
A8: MIERCOLES | B8: =K7 -> 26.137692 | C8: CANT | D8: =B8*9 -> 235.23923 | I8: 24.173723 | J8: =I8*15% -> 3.6260584 | K8: =I8+J8 -> 27.799781
I9: 31.027218 | J9: =I9*15% -> 4.6540827 | K9: =I9+J9 -> 35.681301
A10: JUEVES | B10: =K8 -> 27.799781 | C10: CANT | D10: =B10*9 -> 250.19803 | I10: 44.594341 | J10: =I10*15% -> 6.6891511 | K10: =I10+J10 -> 51.283492
A12: VIERNES | B12: =K9 -> 35.681301 | C12: CANT | D12: =B12*9 -> 321.1317
A14: SABADO | B14: =K10 -> 51.283492 | C14: CANT | D14: =B14*9 -> 461.55143
A16: DOMINGO | B16: =K4 -> 35.252374 | C16: CANT | D16: =B16*9 -> 317.27137
A18: TOTAL | B18: =SUM(D4:D16) -> 2087.9593 | C18: =B18/7 -> 298.27989 | D18: u x sem
A19: TOTAL MENSUAL ORDENES | B19: =B18*4 -> 8351.837
A20: TOTAL MEN PLATANOS | B20: =B19/7 -> 1193.1196 | D20: PRECIO | E20: 24 | F20: CIENTO
A21: TOTAL COSTO | B21: =(B20/100)*E20 -> 286.3487 | C21: =B21/4 -> 71.587175
D23: PLATANO MADURO | E23: 24 | F23: CIENTO

Sheet POLLO
B2: POLLO PRODUCCION SEMANAL | D2: 29-04-2024
C3: Cantidad
A4: LUNES | C4: ='POLLO calculo'!B6 -> 38.963142 | D4: entero
A6: MARTES | C6: ='POLLO calculo'!B7 -> 38.783608 | D6: entero
A8: MIERCOLES | C8: ='POLLO calculo'!B8 -> 37.084486 | D8: entero
A10: JUEVES | C10: ='POLLO calculo'!B9 -> 41.989744 | D10: entero
A12: VIERNES | C12: ='POLLO calculo'!B10 -> 46.267352 | D12: entero
A14: SABADO | C14: ='POLLO calculo'!B11 -> 68.346955 | D14: entero
A16: DOMINGO | C16: ='POLLO calculo'!B5 -> 55.860403 | D16: entero

Sheet POLLO calculo
B4: TOTAL | C4: combo1 | D4: combo7 | E4: combo9 | F4: cuarto | G4: total | H4: enteros | J4: promo1 | K4: medio | L4: total | M4: enteros | O4: promo2 | P4: entero
A5: dom | B5: =(H5+M5+Q5) -> 55.860403 | C5: 45.083876 | D5: 9.6275289 | E5: 42.030108 | F5: 10.05 | G5: =SUM(C5:F5) -> 106.79151 | H5: =G5/4 -> 26.697878 | J5: 7.4828978 | K5: 9.21 | L5: =SUM(J5:K5) -> 16.692898 | M5: =L5/2 -> 8.3464489 | O5: 7.6460762 | P5: 13.17 | Q5: =SUM(O5:P5) -> 20.816076
A6: lun. | B6: =(H6+M6+Q6) -> 38.963142 | C6: 37.740846 | D6: 4.1727062 | E6: 34.990123 | F6: 11.31 | G6: =SUM(C6:F6) -> 88.213675 | H6: =G6/4 -> 22.053419 | J6: 5.5247563 | K6: 8.72 | L6: =SUM(J6:K6) -> 14.244756 | M6: =L6/2 -> 7.1223781 | O6: 2.797345 | P6: 6.99 | Q6: =SUM(O6:P6) -> 9.787345
A7: mar. | B7: =(H7+M7+Q7) -> 38.783608 | C7: 36.878331 | D7: 2.8672786 | E7: 35.176613 | F7: 11.93 | G7: =SUM(C7:F7) -> 86.852223 | H7: =G7/4 -> 21.713056 | J7: 5.0818433 | K7: 8.69 | L7: =SUM(J7:K7) -> 13.771843 | M7: =L7/2 -> 6.8859217 | O7: 2.1446311 | P7: 8.04 | Q7: =SUM(O7:P7) -> 10.184631
A8: mié. | B8: =(H8+M8+Q8) -> 37.084486 | C8: 35.339791 | D8: 2.9372122 | E8: 36.178995 | F8: 10.3 | G8: =SUM(C8:F8) -> 84.755998 | H8: =G8/4 -> 21.189 | J8: 5.3149554 | K8: 8.76 | L8: =SUM(J8:K8) -> 14.074955 | M8: =L8/2 -> 7.0374777 | O8: 2.0980087 | P8: 6.76 | Q8: =SUM(O8:P8) -> 8.8580087
A9: jue. | B9: =(H9+M9+Q9) -> 41.989744 | C9: 39.162829 | D9: 3.8696605 | E9: 39.022962 | F9: 10.96 | G9: =SUM(C9:F9) -> 93.015452 | H9: =G9/4 -> 23.253863 | J9: 6.9234288 | K9: 9.42 | L9: =SUM(J9:K9) -> 16.343429 | M9: =L9/2 -> 8.1717144 | O9: 2.6341665 | P9: 7.93 | Q9: =SUM(O9:P9) -> 10.564167
A10: vie. | B10: =(H10+M10+Q10) -> 46.267352 | C10: 45.200432 | D10: 3.8696605 | E10: 43.358847 | F10: 11.28 | G10: =SUM(C10:F10) -> 103.70894 | H10: =G10/4 -> 25.927235 | J10: 7.4595866 | K10: 10.56 | L10: =SUM(J10:K10) -> 18.019587 | M10: =L10/2 -> 9.0097933 | O10: 3.1703243 | P10: 8.16 | Q10: =SUM(O10:P10) -> 11.330324
A11: sáb. | B11: =(H11+M11+Q11) -> 68.346955 | C11: 66.670055 | D11: 11.212691 | E11: 44.267984 | F11: 12.82 | G11: =SUM(C11:F11) -> 134.97073 | H11: =G11/4 -> 33.742682 | J11: 11.77216 | K11: 11.38 | L11: =SUM(J11:K11) -> 23.15216 | M11: =L11/2 -> 11.57608 | O11: 8.9281927 | P11: 14.1 | Q11: =SUM(O11:P11) -> 23.028193
A13: SUMATORIA | B13: =SUM(B5:B11) -> 327.29569
A14: bolsas x sem | B14: =B13/10 -> 32.729569
A15: PROM MES DIC | B15: =B13*4 -> 1309.1828
A16: PROM X LB | B16: =B15*2.75 -> 3600.2526 | C16: LB
A17: PROM X KG | B17: =B16*0.453592 -> 1633.0458 | C17: KG
A18: COSTO X KG DIC | B18: =B17*C18 -> 4131.6058 | C18: 2.53 | D18: kg
B20: =B18/4 -> 1032.9015

Sheet CHULETAS
B2: CHULETA PRODUCCION SEMANAL | D2: 23/02/2024
C3: Cantidad
A4: LUNES | C4: =J6 -> 33.504662 | D4: UNIDADES | F4: 15.758377 | G4: 6.6436943 | K4: TOTAL | L4: combo3 | M4: combo7 | N4: orden | O4: combo4 | P4: sub total
F5: 13.567123 | G5: 4.9419761 | I5: dom | J5: =K5*18%+K5 -> 46.566687 | K5: =SUM(P5+N5+M5+L5) -> 39.463294 | L5: 15.758377 | M5: 9.6275289 | N5: 0.79 | O5: 6.6436943 | P5: =O5*2 -> 13.287389
A6: MARTES | C6: =J7 -> 31.91315 | D6: UNIDADES | F6: 14.66275 | G6: 4.3825071 | I6: lun. | J6: =K6*18%+K6 -> 33.504662 | K6: =SUM(P6+N6+M6+L6) -> 28.393781 | L6: 13.567123 | M6: 4.1727062 | N6: 0.77 | O6: 4.9419761 | P6: =O6*2 -> 9.8839522
F7: 14.056658 | G7: 4.4291295 | I7: mar. | J7: =K7*18%+K7 -> 31.91315 | K7: =SUM(P7+N7+M7+L7) -> 27.045043 | L7: 14.66275 | M7: 2.8672786 | N7: 0.75 | O7: 4.3825071 | P7: =O7*2 -> 8.7650142
A8: MIERCOLES | C8: =J8 -> 31.225313 | D8: UNIDADES | F8: 13.12421 | G8: 5.3615778 | I8: mié. | J8: =K8*18%+K8 -> 31.225313 | K8: =SUM(P8+N8+M8+L8) -> 26.46213 | L8: 14.056658 | M8: 2.9372122 | N8: 0.61 | O8: 4.4291295 | P8: =O8*2 -> 8.858259
F9: 15.525265 | G9: 5.6646235 | I9: jue. | J9: =K9*18%+K9 -> 33.555691 | K9: =SUM(P9+N9+M9+L9) -> 28.437026 | L9: 13.12421 | M9: 3.8696605 | N9: 0.72 | O9: 5.3615778 | P9: =O9*2 -> 10.723156
A10: JUEVES | C10: =J9 -> 33.555691 | D10: UNIDADES | F10: 21.656112 | G10: 6.7136279 | I10: vie. | J10: =K10*18%+K10 -> 37.080523 | K10: =SUM(P10+N10+M10+L10) -> 31.424172 | L10: 15.525265 | M10: 3.8696605 | N10: 0.7 | O10: 5.6646235 | P10: =O10*2 -> 11.329247
I11: sáb. | J11: =K11*18%+K11 -> 56.42295 | K11: =SUM(P11+N11+M11+L11) -> 47.816059 | L11: 21.656112 | M11: 11.212691 | N11: 1.52 | O11: 6.7136279 | P11: =O11*2 -> 13.427256
A12: VIERNES | C12: =J10 -> 37.080523 | D12: UNIDADES
A14: SABADO | C14: =J11 -> 56.42295 | D14: UNIDADES
L15: 12.63 | M15: 4.03 | N15: 6.42
A16: DOMINGO | C16: =J5 -> 46.566687 | D16: UNIDADES | L16: 9.22 | M16: 2.32 | N16: 2.19
F17: semana | L17: 7.72 | M17: 3 | N17: 1.37
A18: TOTAL | C18: =SUM(C4:C16) -> 270.26898 | E18: =C18*290 -> 78378.003 | F18: =E18/1000 -> 78.378003 | G18: kg | L18: 7.65 | M18: 3.48 | N18: 2.53
A19: PESO GRAMOS | B19: 290 | C19: =(C18*B19)*4 -> 313512.01 | D19: g | L19: 10.79 | M19: 3.62 | N19: 2.32
A20: costo x kg | B20: 4.48 | C20: =C19/1000 -> 313.51201 | D20: kg | L20: 10.11 | M20: 1.84 | N20: 2.25
A21: TOTAL COSTO | C21: =C20*B20 -> 1404.5338 | E21: =C21/4 -> 351.13345 | L21: 17.48 | M21: 5.6 | N21: 7.72

Sheet CHURRASCO
B2: CHURRASCO PRODUCCION SEMANAL
B3: CANT U | C3: MENSUAL
A4: LUNES | B4: =H5 -> 2.3054785 | C4: =B4*4 -> 9.2219139 | F4: 2.6108553 | G4: =F4*15% -> 0.39162829 | H4: =F4+G4 -> 3.0024836
F5: 2.0047639 | G5: =F5*15% -> 0.30071458 | H5: =F5+G5 -> 2.3054785
A6: MARTES | B6: =H6 -> 2.1446311 | C6: =B6*4 -> 8.5785245 | F6: 1.8648966 | G6: =F6*15% -> 0.2797345 | H6: =F6+G6 -> 2.1446311
F7: 2.2611872 | G7: =F7*15% -> 0.33917808 | H7: =F7+G7 -> 2.6003653
A8: MIERCOLES | B8: =H7 -> 2.6003653 | C8: =B8*4 -> 10.401461 | F8: 1.6084734 | G8: =F8*15% -> 0.241271 | H8: =F8+G8 -> 1.8497444
F9: 2.7507225 | G9: =F9*15% -> 0.41260838 | H9: =F9+G9 -> 3.1633309
A10: JUEVES | B10: =H8 -> 1.8497444 | C10: =B10*4 -> 7.3989774 | F10: 3.3801252 | G10: =F10*15% -> 0.50701877 | H10: =F10+G10 -> 3.8871439
A12: VIERNES | B12: =H9 -> 3.1633309 | C12: =B12*4 -> 12.653324
A14: SABADO | B14: =H10 -> 3.8871439 | C14: =B14*4 -> 15.548576
A16: DOMINGO | B16: =H4 -> 3.0024836 | C16: =B16*4 -> 12.009934 | E16: =SUM(B4:B16) -> 18.953178 | F16: u
A18: TOTAL | B18: =SUM(B4:B16) -> 18.953178 | C18: =SUM(C4:C16) -> 75.812711
A19: total en g | B19: 460 | C19: =C18*B19 -> 34873.847
A20: precio x kg | B20: 8.2 | C20: =C19/1000 -> 34.873847 | D20: kg | E20: =C20/4 -> 8.7184617
A21: TOTAL COSTO | C21: =C20*B20 -> 285.96554
E22: =C21/4 -> 71.491386

Sheet COSTILLAS ASADAS
B2: COSTILLAS PRODUCCION SEMANAL
B3: ORDENES | C3: MENSUAL | F3: ORDEN
A4: LUNES | B4: =I5 -> 4.0161439 | C4: =B4*4 -> 16.064576 | F4: 0.86 | G4: 6.4338934 | H4: =(G4+F4)*15% -> 1.094084 | I4: =G4+H4 -> 7.5279774
F5: 0.86 | G5: 3.3801252 | H5: =(G5+F5)*15% -> 0.63601877 | I5: =G5+H5 -> 4.0161439
A6: MARTES | B6: =I6 -> 3.430294 | C6: =B6*4 -> 13.721176 | F6: 0.35 | G6: 2.9372122 | H6: =(G6+F6)*15% -> 0.49308183 | I6: =G6+H6 -> 3.430294
F7: 0.75 | G7: 4.6855528 | H7: =(G7+F7)*15% -> 0.81533292 | I7: =G7+H7 -> 5.5008857
A8: MIERCOLES | B8: =I7 -> 5.5008857 | C8: =B8*4 -> 22.003543 | F8: 0.84 | G8: 4.3125735 | H8: =(G8+F8)*15% -> 0.77288602 | I8: =G8+H8 -> 5.0854595
F9: 0.79 | G9: 5.1284658 | H9: =(G9+F9)*15% -> 0.88776986 | I9: =G9+H9 -> 6.0162356
A10: JUEVES | B10: =I8 -> 5.0854595 | C10: =B10*4 -> 20.341838 | F10: 0.89 | G10: 7.8558771 | H10: =(G10+F10)*15% -> 1.3118816 | I10: =G10+H10 -> 9.1677587
A12: VIERNES | B12: =I9 -> 6.0162356 | C12: =B12*4 -> 24.064942
A14: SABADO | B14: =I10 -> 9.1677587 | C14: =B14*4 -> 36.671035
A16: DOMINGO | B16: =I4 -> 7.5279774 | C16: =B16*4 -> 30.11191
A18: TOTAL | C18: =SUM(C4:C16) -> 162.97902
A19: TOTAL X SERVIDA | B19: 370 | C19: =C18*B19 -> 60302.237 | D19: G
A20: precio x kg | B20: 6.49 | C20: =C19/1000 -> 60.302237 | D20: KG | E20: =C20/4 -> 15.075559
A21: TOTAL COSTO | C21: =C20*B20 -> 391.36152 | E21: =C21/4 -> 97.84038

Sheet FILETE DE PECHUGA
B2: FILETE DE PECH PRODUCCION SEMANAL
B3: ORDENES | C3: MENSUAL
A4: LUNES | B4: =H5 -> 1.718036 | C4: =B4*4 -> 6.8721441 | F4: 3.3101915 | G4: =F4*10% -> 0.33101915 | H4: =F4+G4 -> 3.6412107
F5: 1.5618509 | G5: =F5*10% -> 0.15618509 | H5: =F5+G5 -> 1.718036
A6: MARTES | B6: =H6 -> 1.794963 | C6: =B6*4 -> 7.1798521 | F6: 1.6317846 | G6: =F6*10% -> 0.16317846 | H6: =F6+G6 -> 1.794963
F7: 1.9348303 | G7: =F7*10% -> 0.19348303 | H7: =F7+G7 -> 2.1283133
A8: MIERCOLES | B8: =H7 -> 2.1283133 | C8: =B8*4 -> 8.5132532 | F8: 1.7483406 | G8: =F8*10% -> 0.17483406 | H8: =F8+G8 -> 1.9231747
F9: 2.237876 | G9: =F9*10% -> 0.2237876 | H9: =F9+G9 -> 2.4616636
A10: JUEVES | B10: =H8 -> 1.9231747 | C10: =B10*4 -> 7.6926986 | F10: 3.1703243 | G10: =F10*10% -> 0.31703243 | H10: =F10+G10 -> 3.4873567
A12: VIERNES | B12: =H9 -> 2.4616636 | C12: =B12*4 -> 9.8466543
A14: SABADO | B14: =H10 -> 3.4873567 | C14: =B14*4 -> 13.949427
A16: DOMINGO | B16: =H4 -> 3.6412107 | C16: =B16*4 -> 14.564843
A18: TOTAL | C18: =SUM(C4:C16) -> 68.618872
A19: TOTAL X SERVIDA | C19: =C18*285 -> 19556.378 | D19: G
C20: =C19/1000 -> 19.556378 | D20: KG
A21: precio x lb | B21: 2.1 | C21: =C20*2.20462 -> 43.114383 | D21: lb | E21: =C21/4 -> 10.778596
A22: TOTAL COSTO | C22: =C21*B21 -> 90.540205

Sheet FILETE DE RES 
B2: COSTILLAS PRODUCCION SEMANAL
B3: ORDENES | C3: MENSUAL | H3: COMBO 7 | I3: INDV
A4: LUNES | B4: =J5 -> 6.2527062 | C4: =B4*4 -> 25.010825 | F4: 2.52 | G4: =F4*16% -> 0.4032 | H4: 9.6275289 | I4: 0.05 | J4: =F4+G4+I4+H4 -> 12.600729
F5: 1.75 | G5: =F5*16% -> 0.28 | H5: 4.1727062 | I5: 0.05 | J5: =F5+G5+I5+H5 -> 6.2527062
A6: MARTES | B6: =J6 -> 5.6288786 | C6: =B6*4 -> 22.515514 | F6: 2.26 | G6: =F6*16% -> 0.3616 | H6: 2.8672786 | I6: 0.14 | J6: =F6+G6+I6+H6 -> 5.6288786
F7: 2.03 | G7: =F7*16% -> 0.3248 | H7: 2.9372122 | I7: 0.07 | J7: =F7+G7+I7+H7 -> 5.3620122
A8: MIERCOLES | B8: =J7 -> 5.3620122 | C8: =B8*4 -> 21.448049 | F8: 1.56 | G8: =F8*16% -> 0.2496 | H8: 3.8696605 | I8: 0.14 | J8: =F8+G8+I8+H8 -> 5.8192605
F9: 2.42 | G9: =F9*16% -> 0.3872 | H9: 3.8696605 | I9: 0.14 | J9: =F9+G9+I9+H9 -> 6.8168605
A10: JUEVES | B10: =J8 -> 5.8192605 | C10: =B10*4 -> 23.277042 | F10: 2.21 | G10: =F10*16% -> 0.3536 | H10: 11.212691 | I10: 0.09 | J10: =F10+G10+I10+H10 -> 13.866291
A12: VIERNES | B12: =J9 -> 6.8168605 | C12: =B12*4 -> 27.267442
A14: SABADO | B14: =J10 -> 13.866291 | C14: =B14*4 -> 55.465164
A16: DOMINGO | B16: =J4 -> 12.600729 | C16: =B16*4 -> 50.402916
A18: TOTAL | C18: =SUM(C4:C16) -> 225.38695
A19: TOTAL X SERVIDA | C19: =C18*200 -> 45077.39 | D19: G
A20: precio x kg | B20: 8.99 | C20: =C19/1000 -> 45.07739 | D20: KG | E20: =C20/4 -> 11.269348
A21: TOTAL COSTO | C21: =C20*B20 -> 405.24574

Sheet RINCON
B2: COSTILLAS PRODUCCION SEMANAL
B3: ORDENES | C3: MENSUAL
A4: LUNES | B4: =H5 -> 0 | C4: =B4*4 -> 0 | G4: =F4*15% -> 0 | H4: =F4+G4 -> 0
G5: =F5*15% -> 0 | H5: =F5+G5 -> 0
A6: MARTES | B6: =H6 -> 0 | C6: =B6*4 -> 0 | G6: =F6*15% -> 0 | H6: =F6+G6 -> 0
G7: =F7*15% -> 0 | H7: =F7+G7 -> 0
A8: MIERCOLES | B8: =H7 -> 0 | C8: =B8*4 -> 0 | G8: =F8*15% -> 0 | H8: =F8+G8 -> 0
G9: =F9*15% -> 0 | H9: =F9+G9 -> 0
A10: JUEVES | B10: =H8 -> 0 | C10: =B10*4 -> 0 | G10: =F10*15% -> 0 | H10: =F10+G10 -> 0
A12: VIERNES | B12: =H9 -> 0 | C12: =B12*4 -> 0
A14: SABADO | B14: =H10 -> 0 | C14: =B14*4 -> 0
A16: DOMINGO | B16: =H4 -> 0 | C16: =B16*4 -> 0
A18: TOTAL | C18: =SUM(C4:C16) -> 0
A19: TOTAL X SERVIDA | C19: =C18*190 -> 0 | D19: G
A20: precio x kg | B20: 8.69 | C20: =C19/1000 -> 0 | D20: KG | E20: =C20/4 -> 0
A21: TOTAL COSTO | C21: =C20*B20 -> 0
C23: =C21/4 -> 0

Sheet chorizo parrilla 
B2: COSTILLAS PRODUCCION SEMANAL
B3: ORDENES | C3: MENSUAL | F3: parrillada | G3: orden
A4: LUNES | B4: =J5 -> 5.3599769 | C4: =B4*4 -> 21.439907 | F4: 9.6275289 | G4: 1.38 | H4: =SUM(F4:G4) -> 11.007529 | I4: =H4*10% -> 1.1007529 | J4: =H4+I4 -> 12.108282
F5: 4.1727062 | G5: 0.7 | H5: =SUM(F5:G5) -> 4.8727062 | I5: =H5*10% -> 0.48727062 | J5: =H5+I5 -> 5.3599769
A6: MARTES | B6: =J6 -> 3.6930064 | C6: =B6*4 -> 14.772026 | F6: 2.8672786 | G6: 0.49 | H6: =SUM(F6:G6) -> 3.3572786 | I6: =H6*10% -> 0.33572786 | J6: =H6+I6 -> 3.6930064
F7: 2.9372122 | G7: 0.7 | H7: =SUM(F7:G7) -> 3.6372122 | I7: =H7*10% -> 0.36372122 | J7: =H7+I7 -> 4.0009334
A8: MIERCOLES | B8: =J7 -> 4.0009334 | C8: =B8*4 -> 16.003734 | F8: 3.8696605 | G8: 0.77 | H8: =SUM(F8:G8) -> 4.6396605 | I8: =H8*10% -> 0.46396605 | J8: =H8+I8 -> 5.1036266
F9: 3.8696605 | G9: 1.03 | H9: =SUM(F9:G9) -> 4.8996605 | I9: =H9*10% -> 0.48996605 | J9: =H9+I9 -> 5.3896266
A10: JUEVES | B10: =J8 -> 5.1036266 | C10: =B10*4 -> 20.414506 | F10: 11.212691 | G10: 1.31 | H10: =SUM(F10:G10) -> 12.522691 | I10: =H10*10% -> 1.2522691 | J10: =H10+I10 -> 13.77496
A12: VIERNES | B12: =J9 -> 5.3896266 | C12: =B12*4 -> 21.558506
A14: SABADO | B14: =J10 -> 13.77496 | C14: =B14*4 -> 55.099841
A16: DOMINGO | B16: =J4 -> 12.108282 | C16: =B16*4 -> 48.433127
A18: TOTAL | B18: =SUM(B4:B16) -> 49.430412 | C18: =SUM(C4:C16) -> 197.72165
A19: cant de paq | B19: =B18/28 -> 1.7653719 | C19: =C18/28 -> 7.0614874
A20: precio x u | B20: =F22 -> 0.67857143 | F20: 19 | G20: paquete
A21: TOTAL COSTO | C21: =C18*B20 -> 134.16826 | F21: 28 | G21: unidades
F22: =F20/F21 -> 0.67857143

Sheet yuca
B2: yuca PRODUCCION SEMANAL
B3: ORDENES | C3: MENSUAL
A4: LUNES | B4: =H5 -> 16.2955 | C4: =B4*4 -> 65.182 | F4: 19.23 | G4: =F4*15% -> 2.8845 | H4: =F4+G4 -> 22.1145
F5: 14.17 | G5: =F5*15% -> 2.1255 | H5: =F5+G5 -> 16.2955
A6: MARTES | B6: =H6 -> 14.444 | C6: =B6*4 -> 57.776 | F6: 12.56 | G6: =F6*15% -> 1.884 | H6: =F6+G6 -> 14.444
F7: 14.87 | G7: =F7*15% -> 2.2305 | H7: =F7+G7 -> 17.1005
A8: MIERCOLES | B8: =H7 -> 17.1005 | C8: =B8*4 -> 68.402 | F8: 15.15 | G8: =F8*15% -> 2.2725 | H8: =F8+G8 -> 17.4225
F9: 17.41 | G9: =F9*15% -> 2.6115 | H9: =F9+G9 -> 20.0215
A10: JUEVES | B10: =H8 -> 17.4225 | C10: =B10*4 -> 69.69 | F10: 30.84 | G10: =F10*15% -> 4.626 | H10: =F10+G10 -> 35.466
A12: VIERNES | B12: =H9 -> 20.0215 | C12: =B12*4 -> 80.086
A14: SABADO | B14: =H10 -> 35.466 | C14: =B14*4 -> 141.864
A16: DOMINGO | B16: =H4 -> 22.1145 | C16: =B16*4 -> 88.458
A18: TOTAL | C18: =SUM(C4:C16) -> 571.458
A19: TOTAL X SERVIDA | C19: =C18*205 -> 117148.89 | D19: G
A20: precio x kg | B20: 2.53 | C20: =C19/1000 -> 117.14889 | D20: kg | E20: =C20/4 -> 29.287222 | G20: 10 lb pesa cada bolsa
A21: TOTAL COSTO | C21: =C20*B20 -> 296.38669
C23: =C21/4 -> 74.096673

Sheet papitas
B2: papitas PRODUCCION SEMANAL
B3: ORDENES | C3: MENSUAL
A4: LUNES | B4: =J5 -> 70.267 | C4: =B4*4 -> 281.068 | H4: 84.36 | I4: =H4*45% -> 37.962 | J4: =H4+I4 -> 122.322
H5: 48.46 | I5: =H5*45% -> 21.807 | J5: =H5+I5 -> 70.267
A6: MARTES | B6: =J6 -> 63.3795 | C6: =B6*4 -> 253.518 | H6: 43.71 | I6: =H6*45% -> 19.6695 | J6: =H6+I6 -> 63.3795
H7: 42.49 | I7: =H7*45% -> 19.1205 | J7: =H7+I7 -> 61.6105
A8: MIERCOLES | B8: =J7 -> 61.6105 | C8: =B8*4 -> 246.442 | H8: 54.06 | I8: =H8*45% -> 24.327 | J8: =H8+I8 -> 78.387
H9: 57.83 | I9: =H9*45% -> 26.0235 | J9: =H9+I9 -> 83.8535
A10: JUEVES | B10: =J8 -> 78.387 | C10: =B10*4 -> 313.548 | H10: 105.9 | I10: =H10*45% -> 47.655 | J10: =H10+I10 -> 153.555
A12: VIERNES | B12: =J9 -> 83.8535 | C12: =B12*4 -> 335.414
A14: SABADO | B14: =J10 -> 153.555 | C14: =B14*4 -> 614.22
A16: DOMINGO | B16: =J4 -> 122.322 | C16: =B16*4 -> 489.288
A18: TOTAL | C18: =SUM(C4:C16) -> 2533.498
A19: total x g | C19: =C18*350 -> 886724.3
A20: total x kg | C20: =C19/1000 -> 886.7243 | D20: kg
C21: =C20*2.2 -> 1950.7935 | D21: lb
A22: total de cajas | C22: =C21/H23 -> 88.67243 | D22: =C22/4 -> 22.168108 | E22: xsem | F22: 60 DOLARES LA CAJA DE 15 PAQ
A23: precio x caja | B23: 13.6 | F23: 13.25 | G23: caja | H23: =F24*F25 -> 22 | I23: lb
A24: TOTAL COSTO | C24: =C22*B23 -> 1205.945 | D24: =C24/4 -> 301.48626 | F24: 4 | G24: paq
F25: 5.5 | G25: lb paqu
